Edital,Unidade,Vertente,Total de Bolsa
2015,BibMindlin,Pesquisa,2
2015,CDCC,Cultura e Extensão,6
2015,CEBIMar,Cultura e Extensão,2
2015,CEUMA,Cultura e Extensão,2
2015,EACH,Cultura e Extensão,62
2015,EACH,Ensino,30
2015,EACH,Pesquisa,168
2015,ECA,Cultura e Extensão,36
2015,ECA,Ensino,57
2015,ECA,Pesquisa,62
2015,EE,Cultura e Extensão,14
2015,EE,Ensino,3
2015,EE,Pesquisa,42
2015,EEFE,Cultura e Extensão,17
2015,EEFE,Ensino,5
2015,EEFE,Pesquisa,4
2015,EEFERP,Cultura e Extensão,30
2015,EEFERP,Ensino,10
2015,EEFERP,Pesquisa,19
2015,EEL,Cultura e Extensão,37
2015,EEL,Ensino,31
2015,EEL,Pesquisa,46
2015,EERP,Cultura e Extensão,47
2015,EERP,Ensino,6
2015,EERP,Pesquisa,26
2015,EERP e FEARP,Pesquisa,4
2015,EESC,Cultura e Extensão,7
2015,EESC,Ensino,8
2015,EESC,Pesquisa,72
2015,EP,Cultura e Extensão,13
2015,EP,Ensino,36
2015,EP,Pesquisa,63
2015,ESALQ,Cultura e Extensão,36
2015,ESALQ,Ensino,10
2015,ESALQ,Pesquisa,75
2015,FAU,Cultura e Extensão,14
2015,FAU,Ensino,5
2015,FAU,Pesquisa,15
2015,FCF,Cultura e Extensão,2
2015,FCF,Ensino,5
2015,FCF,Pesquisa,20
2015,FCFRP,Cultura e Extensão,8
2015,FCFRP,Ensino,6
2015,FCFRP,Pesquisa,6
2015,FD,Cultura e Extensão,15
2015,FD,Pesquisa,12
2015,FDRP,Cultura e Extensão,4
2015,FDRP,Pesquisa,4
2015,FE,Cultura e Extensão,31
2015,FE,Ensino,34
2015,FE,Pesquisa,17
2015,FEA,Cultura e Extensão,13
2015,FEA,Ensino,2
2015,FEA,Pesquisa,15
2015,FEARP,Cultura e Extensão,8
2015,FEARP,Ensino,9
2015,FEARP,Pesquisa,16
2015,FFCLRP,Cultura e Extensão,40
2015,FFCLRP,Ensino,16
2015,FFCLRP,Pesquisa,96
2015,FFCLRP e FEARP,Pesquisa,2
2015,FFCLRP e FMRP,Pesquisa,5
2015,FFLCH,Cultura e Extensão,23
2015,FFLCH,Ensino,24
2015,FFLCH,Pesquisa,92
2015,FM,Cultura e Extensão,18
2015,FM,Ensino,45
2015,FM,Pesquisa,27
2015,"FM, ICB, IQ e IB",Pesquisa,3
2015,FMRP,Cultura e Extensão,38
2015,FMRP,Ensino,9
2015,FMRP,Pesquisa,67
2015,FMVZ,Cultura e Extensão,10
2015,FMVZ,Pesquisa,7
2015,FO,Cultura e Extensão,21
2015,FO,Ensino,30
2015,FO,Pesquisa,48
2015,FOB,Cultura e Extensão,4
2015,FOB,Ensino,13
2015,FOB,Pesquisa,30
2015,FORP,Cultura e Extensão,19
2015,FORP,Ensino,8
2015,FORP,Pesquisa,34
2015,FSP,Cultura e Extensão,10
2015,FSP,Ensino,4
2015,FSP,Pesquisa,10
2015,FZEA,Cultura e Extensão,26
2015,FZEA,Ensino,23
2015,FZEA,Pesquisa,98
2015,HU,Cultura e Extensão,10
2015,IAG,Cultura e Extensão,8
2015,IAG,Ensino,1
2015,IAG,Pesquisa,6
2015,IAU,Cultura e Extensão,1
2015,IAU,Ensino,5
2015,IAU,Pesquisa,22
2015,IB,Cultura e Extensão,5
2015,IB,Pesquisa,28
2015,ICB,Cultura e Extensão,5
2015,ICB,Ensino,6
2015,ICB,Pesquisa,22
2015,ICMC,Cultura e Extensão,19
2015,ICMC,Ensino,6
2015,ICMC,Pesquisa,24
2015,IEB,Cultura e Extensão,2
2015,IEB,Pesquisa,2
2015,IF,Cultura e Extensão,15
2015,IF,Ensino,10
2015,IF,Pesquisa,35
2015,IFSC,Cultura e Extensão,19
2015,IFSC,Ensino,4
2015,IFSC,Pesquisa,19
2015,IGc,Pesquisa,8
2015,IME,Cultura e Extensão,9
2015,IME,Ensino,7
2015,IME,Pesquisa,4
2015,IMT,Pesquisa,2
2015,IO,Cultura e Extensão,11
2015,IO,Pesquisa,8
2015,IP,Cultura e Extensão,4
2015,IP,Ensino,15
2015,IP,Pesquisa,34
2015,IQ,Pesquisa,2
2015,IQSC,Cultura e Extensão,1
2015,IQSC,Pesquisa,30
2015,IRI,Cultura e Extensão,5
2015,MAC,Cultura e Extensão,7
2015,MAE,Cultura e Extensão,7
2015,MAE,Pesquisa,2
2015,MP,Cultura e Extensão,2
2015,MP,Pesquisa,2
2015,OSUSP,Cultura e Extensão,5
2015,PRG-Lic em Cienc,Pesquisa,3
2016,BibMindlin,Cultura e Extensão,14
2016,CDCC,Cultura e Extensão,27
2016,CEBIMar,Cultura e Extensão,2
2016,CENA,Cultura e Extensão,3
2016,CENA,Pesquisa,8
2016,CEPEUSP,Cultura e Extensão,7
2016,CEUMA,Cultura e Extensão,18
2016,CINUSP,Cultura e Extensão,3
2016,CORAL USP,Cultura e Extensão,4
2016,CPC,Cultura e Extensão,3
2016,CienTec,Cultura e Extensão,10
2016,EACH,Cultura e Extensão,89
2016,EACH,Ensino,34
2016,EACH,Pesquisa,239
2016,ECA,Cultura e Extensão,22
2016,ECA,Ensino,44
2016,ECA,Pesquisa,62
2016,EE,Cultura e Extensão,29
2016,EE,Ensino,2
2016,EE,Pesquisa,58
2016,EEFE,Cultura e Extensão,30
2016,EEFE,Ensino,2
2016,EEFE,Pesquisa,7
2016,EEFERP,Cultura e Extensão,47
2016,EEFERP,Ensino,9
2016,EEFERP,Pesquisa,37
2016,EEL,Cultura e Extensão,44
2016,EEL,Ensino,14
2016,EEL,Pesquisa,94
2016,EERP,Cultura e Extensão,73
2016,EERP,Ensino,13
2016,EERP,Pesquisa,60
2016,EERP e FEARP,Pesquisa,2
2016,EESC,Cultura e Extensão,13
2016,EESC,Ensino,23
2016,EESC,Pesquisa,70
2016,EESC e ICMC,Cultura e Extensão,1
2016,EESC e ICMC,Ensino,1
2016,EESC e ICMC,Pesquisa,1
2016,EP,Cultura e Extensão,31
2016,EP,Ensino,36
2016,EP,Pesquisa,100
2016,ESALQ,Cultura e Extensão,95
2016,ESALQ,Ensino,15
2016,ESALQ,Pesquisa,109
2016,Estação Ciência,Cultura e Extensão,2
2016,FAU,Cultura e Extensão,22
2016,FAU,Pesquisa,34
2016,FCF,Cultura e Extensão,3
2016,FCF,Ensino,9
2016,FCF,Pesquisa,19
2016,FCFRP,Cultura e Extensão,10
2016,FCFRP,Ensino,2
2016,FCFRP,Pesquisa,23
2016,FD,Cultura e Extensão,36
2016,FD,Pesquisa,22
2016,FDRP,Cultura e Extensão,11
2016,FDRP,Pesquisa,22
2016,FE,Cultura e Extensão,45
2016,FE,Ensino,43
2016,FE,Pesquisa,20
2016,FEA,Cultura e Extensão,12
2016,FEA,Pesquisa,10
2016,FEARP,Cultura e Extensão,14
2016,FEARP,Ensino,5
2016,FEARP,Pesquisa,24
2016,FFCLRP,Cultura e Extensão,123
2016,FFCLRP,Ensino,6
2016,FFCLRP,Pesquisa,160
2016,FFCLRP e FEARP,Ensino,1
2016,FFCLRP e FEARP,Pesquisa,1
2016,FFCLRP e FMRP,Pesquisa,3
2016,FFLCH,Cultura e Extensão,61
2016,FFLCH,Ensino,23
2016,FFLCH,Pesquisa,132
2016,FM,Cultura e Extensão,13
2016,FM,Ensino,72
2016,FM,Pesquisa,30
2016,FMRP,Cultura e Extensão,84
2016,FMRP,Ensino,14
2016,FMRP,Pesquisa,108
2016,FMVZ,Cultura e Extensão,28
2016,FMVZ,Ensino,6
2016,FMVZ,Pesquisa,16
2016,FO,Cultura e Extensão,31
2016,FO,Ensino,11
2016,FO,Pesquisa,60
2016,FOB,Cultura e Extensão,9
2016,FOB,Ensino,3
2016,FOB,Pesquisa,43
2016,FORP,Cultura e Extensão,37
2016,FORP,Ensino,4
2016,FORP,Pesquisa,37
2016,FORP e FCFRP,Ensino,2
2016,FORP e FCFRP,Pesquisa,5
2016,FSP,Cultura e Extensão,16
2016,FSP,Ensino,1
2016,FSP,Pesquisa,25
2016,FZEA,Cultura e Extensão,49
2016,FZEA,Ensino,24
2016,FZEA,Pesquisa,168
2016,HU,Cultura e Extensão,5
2016,HU,Ensino,1
2016,IAG,Cultura e Extensão,12
2016,IAG,Ensino,4
2016,IAG,Pesquisa,15
2016,IAG e IO,Pesquisa,2
2016,IAU,Cultura e Extensão,14
2016,IAU,Ensino,2
2016,IAU,Pesquisa,39
2016,IB,Cultura e Extensão,14
2016,IB,Pesquisa,31
2016,IB e CEBIMar,Pesquisa,1
2016,ICB,Cultura e Extensão,9
2016,ICB,Ensino,10
2016,ICB,Pesquisa,21
2016,ICMC,Cultura e Extensão,27
2016,ICMC,Ensino,14
2016,ICMC,Pesquisa,49
2016,IEA,Cultura e Extensão,1
2016,IEB,Cultura e Extensão,2
2016,IEB,Pesquisa,10
2016,IF,Cultura e Extensão,18
2016,IF,Ensino,29
2016,IF,Pesquisa,38
2016,IFSC,Cultura e Extensão,26
2016,IFSC,Ensino,7
2016,IFSC,Pesquisa,27
2016,IGc,Cultura e Extensão,18
2016,IGc,Ensino,4
2016,IGc,Pesquisa,16
2016,IME,Cultura e Extensão,6
2016,IME,Ensino,2
2016,IME,Pesquisa,6
2016,IMT,Cultura e Extensão,3
2016,IMT,Pesquisa,1
2016,IO,Cultura e Extensão,18
2016,IO,Ensino,5
2016,IO,Pesquisa,19
2016,IP,Cultura e Extensão,17
2016,IP,Ensino,23
2016,IP,Pesquisa,40
2016,IQ,Cultura e Extensão,8
2016,IQ,Ensino,9
2016,IQ,Pesquisa,14
2016,IQSC,Cultura e Extensão,5
2016,IQSC,Pesquisa,31
2016,IRI,Cultura e Extensão,9
2016,IRI,Pesquisa,12
2016,Inter IFSC/IQSC/ICMC,Cultura e Extensão,5
2016,MAC,Cultura e Extensão,16
2016,MAC,Pesquisa,1
2016,MAE,Cultura e Extensão,18
2016,MAE,Pesquisa,5
2016,MP,Pesquisa,7
2016,OSUSP,Cultura e Extensão,6
2016,PRCEU,Cultura e Extensão,33
2016,PUSP-LQ,Cultura e Extensão,18
2016,PUSP-LQ,Ensino,1
2016,PUSP-RP,Cultura e Extensão,1
2016,PUSP-SC,Cultura e Extensão,4
2016,Pró-G,Ensino,5
2016,Pró-G,Pesquisa,4
2016,Ruínas Engenho,Cultura e Extensão,11
2016,SAS,Cultura e Extensão,8
2017,BibMindlin,Cultura e Extensão,23
2017,CDCC,Cultura e Extensão,29
2017,CENA,Cultura e Extensão,3
2017,CENA,Pesquisa,8
2017,CEPEUSP,Cultura e Extensão,7
2017,CEPEUSP,Pesquisa,2
2017,CEUMA,Cultura e Extensão,12
2017,CINUSP,Cultura e Extensão,6
2017,CORAL USP,Cultura e Extensão,5
2017,CienTec,Cultura e Extensão,14
2017,EACH,Cultura e Extensão,142
2017,EACH,Ensino,39
2017,EACH,Pesquisa,234
2017,ECA,Cultura e Extensão,45
2017,ECA,Ensino,51
2017,ECA,Pesquisa,55
2017,EE,Cultura e Extensão,21
2017,EE,Ensino,2
2017,EE,Pesquisa,59
2017,EEFE,Cultura e Extensão,38
2017,EEFE,Ensino,3
2017,EEFE,Pesquisa,17
2017,EEFERP,Cultura e Extensão,54
2017,EEFERP,Ensino,6
2017,EEFERP,Pesquisa,28
2017,EEL,Cultura e Extensão,37
2017,EEL,Ensino,19
2017,EEL,Pesquisa,140
2017,EERP,Cultura e Extensão,64
2017,EERP,Ensino,3
2017,EERP,Pesquisa,57
2017,EESC,Cultura e Extensão,22
2017,EESC,Ensino,14
2017,EESC,Pesquisa,60
2017,EESC e ICMC,Cultura e Extensão,2
2017,EESC e ICMC,Ensino,1
2017,EESC e ICMC,Pesquisa,1
2017,EP,Cultura e Extensão,51
2017,EP,Ensino,37
2017,EP,Pesquisa,71
2017,ESALQ,Cultura e Extensão,94
2017,ESALQ,Ensino,16
2017,ESALQ,Pesquisa,136
2017,FAU,Cultura e Extensão,51
2017,FAU,Ensino,2
2017,FAU,Pesquisa,45
2017,FCF,Cultura e Extensão,6
2017,FCF,Ensino,5
2017,FCF,Pesquisa,13
2017,FCFRP,Cultura e Extensão,12
2017,FCFRP,Ensino,2
2017,FCFRP,Pesquisa,26
2017,FD,Cultura e Extensão,41
2017,FD,Pesquisa,16
2017,FDRP,Cultura e Extensão,13
2017,FDRP,Ensino,3
2017,FDRP,Pesquisa,27
2017,FE,Cultura e Extensão,40
2017,FE,Ensino,23
2017,FE,Pesquisa,32
2017,FEA,Cultura e Extensão,10
2017,FEA,Pesquisa,9
2017,FEARP,Cultura e Extensão,19
2017,FEARP,Ensino,14
2017,FEARP,Pesquisa,33
2017,FFCLRP,Cultura e Extensão,71
2017,FFCLRP,Ensino,13
2017,FFCLRP,Pesquisa,140
2017,FFCLRP e FEARP,Cultura e Extensão,3
2017,FFCLRP e FEARP,Pesquisa,1
2017,FFCLRP e FMRP,Cultura e Extensão,4
2017,FFCLRP e FMRP,Pesquisa,3
2017,FFLCH,Cultura e Extensão,57
2017,FFLCH,Ensino,28
2017,FFLCH,Pesquisa,135
2017,FM,Cultura e Extensão,21
2017,FM,Ensino,57
2017,FM,Pesquisa,22
2017,FMRP,Cultura e Extensão,82
2017,FMRP,Ensino,14
2017,FMRP,Pesquisa,108
2017,FMVZ,Cultura e Extensão,18
2017,FMVZ,Ensino,8
2017,FMVZ,Pesquisa,21
2017,FO,Cultura e Extensão,41
2017,FO,Ensino,14
2017,FO,Pesquisa,63
2017,FOB,Cultura e Extensão,10
2017,FOB,Ensino,4
2017,FOB,Pesquisa,31
2017,FORP,Cultura e Extensão,31
2017,FORP,Ensino,3
2017,FORP,Pesquisa,23
2017,FORP e FCFRP,Pesquisa,4
2017,FSP,Cultura e Extensão,18
2017,FSP,Ensino,2
2017,FSP,Pesquisa,17
2017,FZEA,Cultura e Extensão,30
2017,FZEA,Ensino,18
2017,FZEA,Pesquisa,187
2017,HU,Cultura e Extensão,5
2017,HU,Ensino,1
2017,IAG,Cultura e Extensão,16
2017,IAG,Ensino,5
2017,IAG,Pesquisa,22
2017,IAU,Cultura e Extensão,19
2017,IAU,Ensino,7
2017,IAU,Pesquisa,55
2017,IB,Cultura e Extensão,25
2017,IB,Ensino,1
2017,IB,Pesquisa,29
2017,IB e CEBIMar,Pesquisa,1
2017,ICB,Cultura e Extensão,18
2017,ICB,Ensino,6
2017,ICB,Pesquisa,10
2017,ICMC,Cultura e Extensão,36
2017,ICMC,Ensino,12
2017,ICMC,Pesquisa,50
2017,IEA,Cultura e Extensão,1
2017,IEB,Pesquisa,8
2017,IEE,Pesquisa,2
2017,IF,Cultura e Extensão,30
2017,IF,Ensino,10
2017,IF,Pesquisa,49
2017,IFSC,Cultura e Extensão,26
2017,IFSC,Ensino,6
2017,IFSC,Pesquisa,27
2017,IGc,Cultura e Extensão,29
2017,IGc,Ensino,4
2017,IGc,Pesquisa,9
2017,IME,Cultura e Extensão,5
2017,IME,Ensino,2
2017,IME,Pesquisa,11
2017,IMT,Cultura e Extensão,3
2017,IMT,Pesquisa,1
2017,IO,Cultura e Extensão,20
2017,IO,Ensino,5
2017,IO,Pesquisa,19
2017,IP,Cultura e Extensão,25
2017,IP,Ensino,24
2017,IP,Pesquisa,63
2017,IQ,Cultura e Extensão,12
2017,IQ,Ensino,5
2017,IQ,Pesquisa,18
2017,IQSC,Ensino,1
2017,IQSC,Pesquisa,18
2017,IRI,Cultura e Extensão,2
2017,IRI,Ensino,2
2017,IRI,Pesquisa,12
2017,M A E,Pesquisa,2
2017,MAC,Cultura e Extensão,20
2017,MAC,Pesquisa,4
2017,MAE,Cultura e Extensão,24
2017,MAE,Pesquisa,8
2017,MP,Cultura e Extensão,4
2017,MP,Pesquisa,8
2017,MZ,Cultura e Extensão,6
2017,MZ,Pesquisa,8
2017,Museu de Ciências,Cultura e Extensão,9
2017,PRCEU,Cultura e Extensão,19
2017,PUSP-LQ,Cultura e Extensão,22
2017,PUSP-LQ,Ensino,1
2017,PUSP-RP,Cultura e Extensão,1
2017,PUSP-SC,Cultura e Extensão,3
2017,Pró-G,Ensino,9
2017,Ruínas Engenho,Cultura e Extensão,11
2017,SAS,Cultura e Extensão,6
2017,TUSP,Cultura e Extensão,3
2018,AUSPIN,Cultura e Extensão,7
2018,AUSPIN,Pesquisa,1
2018,BibMindlin,Cultura e Extensão,37
2018,CDCC,Cultura e Extensão,22
2018,CEBIMar,Cultura e Extensão,2
2018,CENA,Cultura e Extensão,2
2018,CENA,Ensino,2
2018,CENA,Pesquisa,10
2018,CEPEUSP,Cultura e Extensão,9
2018,CEUMA,Cultura e Extensão,16
2018,CINUSP,Cultura e Extensão,9
2018,CORAL USP,Cultura e Extensão,9
2018,CPC,Cultura e Extensão,11
2018,CienTec,Cultura e Extensão,30
2018,EACH,Cultura e Extensão,151
2018,EACH,Ensino,70
2018,EACH,Pesquisa,181
2018,ECA,Cultura e Extensão,74
2018,ECA,Ensino,80
2018,ECA,Pesquisa,35
2018,EDUSP,Pesquisa,1
2018,EE,Cultura e Extensão,7
2018,EE,Ensino,5
2018,EE,Pesquisa,44
2018,EEFE,Cultura e Extensão,53
2018,EEFE,Ensino,4
2018,EEFE,Pesquisa,10
2018,EEFERP,Cultura e Extensão,62
2018,EEFERP,Ensino,15
2018,EEFERP,Pesquisa,27
2018,EEL,Cultura e Extensão,21
2018,EEL,Ensino,30
2018,EEL,Pesquisa,97
2018,EERP,Cultura e Extensão,89
2018,EERP,Ensino,8
2018,EERP,Pesquisa,60
2018,EESC,Cultura e Extensão,25
2018,EESC,Ensino,13
2018,EESC,Pesquisa,58
2018,EESC e ICMC,Ensino,2
2018,EESC e ICMC,Pesquisa,3
2018,EP,Cultura e Extensão,13
2018,EP,Ensino,60
2018,EP,Pesquisa,83
2018,ESALQ,Cultura e Extensão,131
2018,ESALQ,Ensino,28
2018,ESALQ,Pesquisa,120
2018,FAU,Cultura e Extensão,73
2018,FAU,Ensino,12
2018,FAU,Pesquisa,51
2018,FCF,Cultura e Extensão,7
2018,FCF,Ensino,5
2018,FCF,Pesquisa,9
2018,FCFRP,Cultura e Extensão,15
2018,FCFRP,Ensino,7
2018,FCFRP,Pesquisa,27
2018,FD,Cultura e Extensão,27
2018,FD,Ensino,50
2018,FD,Pesquisa,4
2018,FDRP,Cultura e Extensão,20
2018,FDRP,Ensino,3
2018,FDRP,Pesquisa,22
2018,FE,Cultura e Extensão,42
2018,FE,Ensino,78
2018,FE,Pesquisa,20
2018,FEA,Cultura e Extensão,22
2018,FEA,Ensino,2
2018,FEA,Pesquisa,9
2018,FEARP,Cultura e Extensão,20
2018,FEARP,Ensino,19
2018,FEARP,Pesquisa,16
2018,FFCLRP,Cultura e Extensão,116
2018,FFCLRP,Ensino,37
2018,FFCLRP,Pesquisa,121
2018,FFCLRP e FEARP,Ensino,1
2018,FFCLRP e FEARP,Pesquisa,3
2018,FFCLRP e FMRP,Pesquisa,4
2018,FFLCH,Cultura e Extensão,50
2018,FFLCH,Ensino,33
2018,FFLCH,Pesquisa,121
2018,FM,Cultura e Extensão,41
2018,FM,Ensino,135
2018,FM,Pesquisa,37
2018,"FM, ICB, IQ e IB",Pesquisa,1
2018,FMRP,Cultura e Extensão,71
2018,FMRP,Ensino,12
2018,FMRP,Pesquisa,132
2018,FMVZ,Cultura e Extensão,16
2018,FMVZ,Ensino,14
2018,FMVZ,Pesquisa,32
2018,FO,Cultura e Extensão,22
2018,FO,Ensino,21
2018,FO,Pesquisa,55
2018,FOB,Cultura e Extensão,12
2018,FOB,Ensino,40
2018,FOB,Pesquisa,44
2018,FORP,Cultura e Extensão,29
2018,FORP,Ensino,6
2018,FORP,Pesquisa,18
2018,FORP e FCFRP,Pesquisa,3
2018,FSP,Cultura e Extensão,9
2018,FSP,Ensino,13
2018,FSP,Pesquisa,18
2018,FZEA,Cultura e Extensão,36
2018,FZEA,Ensino,44
2018,FZEA,Pesquisa,132
2018,HRAC,Cultura e Extensão,3
2018,HRAC,Ensino,8
2018,HRAC,Pesquisa,5
2018,HU,Cultura e Extensão,2
2018,HU,Ensino,9
2018,HU,Pesquisa,1
2018,IAG,Cultura e Extensão,12
2018,IAG,Ensino,6
2018,IAG,Pesquisa,15
2018,IAU,Cultura e Extensão,18
2018,IAU,Ensino,3
2018,IAU,Pesquisa,42
2018,IB,Cultura e Extensão,21
2018,IB,Ensino,10
2018,IB,Pesquisa,17
2018,IB e CEBIMar,Cultura e Extensão,1
2018,ICB,Cultura e Extensão,29
2018,ICB,Ensino,4
2018,ICB,Pesquisa,19
2018,ICMC,Cultura e Extensão,15
2018,ICMC,Ensino,20
2018,ICMC,Pesquisa,24
2018,IEA,Cultura e Extensão,2
2018,IEA,Pesquisa,1
2018,IEB,Cultura e Extensão,7
2018,IEB,Pesquisa,5
2018,IEE,Pesquisa,1
2018,IF,Cultura e Extensão,37
2018,IF,Ensino,22
2018,IF,Pesquisa,46
2018,IFSC,Cultura e Extensão,48
2018,IFSC,Ensino,10
2018,IFSC,Pesquisa,24
2018,IGc,Cultura e Extensão,29
2018,IGc,Ensino,13
2018,IGc,Pesquisa,10
2018,IME,Cultura e Extensão,11
2018,IME,Ensino,4
2018,IME,Pesquisa,6
2018,IMT,Ensino,2
2018,IO,Cultura e Extensão,27
2018,IO,Ensino,7
2018,IO,Pesquisa,11
2018,IP,Cultura e Extensão,35
2018,IP,Ensino,19
2018,IP,Pesquisa,42
2018,IQ,Cultura e Extensão,19
2018,IQ,Ensino,15
2018,IQ,Pesquisa,13
2018,IQSC,Cultura e Extensão,7
2018,IQSC,Ensino,4
2018,IQSC,Pesquisa,23
2018,IRI,Cultura e Extensão,6
2018,IRI,Pesquisa,13
2018,M A E,Cultura e Extensão,6
2018,M A E,Pesquisa,1
2018,MAC,Cultura e Extensão,21
2018,MAC,Pesquisa,2
2018,MAE,Cultura e Extensão,23
2018,MAE,Pesquisa,5
2018,MP,Cultura e Extensão,2
2018,MP,Pesquisa,4
2018,MZ,Cultura e Extensão,9
2018,MZ,Pesquisa,3
2018,OSUSP,Cultura e Extensão,7
2018,PRCEU,Cultura e Extensão,74
2018,PUSP-LQ,Cultura e Extensão,1
2018,PUSP-RP,Cultura e Extensão,1
2018,PUSP-SC,Cultura e Extensão,2
2018,Pró-G,Ensino,10
2018,Ruínas Engenho,Cultura e Extensão,4
2018,SAS,Cultura e Extensão,4
2018,TUSP,Cultura e Extensão,6
2019,BibMindlin,Cultura e Extensão,33
2019,CDCC,Cultura e Extensão,36
2019,CEBIMar,Cultura e Extensão,2
2019,CENA,Ensino,2
2019,CENA,Pesquisa,11
2019,CEPEUSP,Cultura e Extensão,8
2019,CEUMA,Cultura e Extensão,6
2019,CORAL USP,Cultura e Extensão,10
2019,CPC,Cultura e Extensão,10
2019,CienTec,Cultura e Extensão,28
2019,EACH,Cultura e Extensão,87
2019,EACH,Ensino,71
2019,EACH,Pesquisa,103
2019,ECA,Cultura e Extensão,79
2019,ECA,Ensino,62
2019,ECA,Pesquisa,33
2019,EE,Cultura e Extensão,7
2019,EE,Ensino,5
2019,EE,Pesquisa,40
2019,EEFE,Cultura e Extensão,42
2019,EEFE,Ensino,4
2019,EEFE,Pesquisa,6
2019,EEFERP,Cultura e Extensão,42
2019,EEFERP,Ensino,16
2019,EEFERP,Pesquisa,9
2019,EEL,Cultura e Extensão,23
2019,EEL,Ensino,44
2019,EEL,Pesquisa,79
2019,EERP,Cultura e Extensão,81
2019,EERP,Ensino,8
2019,EERP,Pesquisa,53
2019,EESC,Cultura e Extensão,34
2019,EESC,Ensino,13
2019,EESC,Pesquisa,37
2019,EESC e ICMC,Cultura e Extensão,2
2019,EESC e ICMC,Ensino,3
2019,EESC e ICMC,Pesquisa,2
2019,EP,Cultura e Extensão,7
2019,EP,Ensino,50
2019,EP,Pesquisa,59
2019,ESALQ,Cultura e Extensão,122
2019,ESALQ,Ensino,41
2019,ESALQ,Pesquisa,99
2019,FAU,Cultura e Extensão,59
2019,FAU,Ensino,13
2019,FAU,Pesquisa,47
2019,FCF,Cultura e Extensão,6
2019,FCF,Ensino,3
2019,FCF,Pesquisa,7
2019,FCFRP,Cultura e Extensão,17
2019,FCFRP,Ensino,8
2019,FCFRP,Pesquisa,19
2019,FD,Cultura e Extensão,25
2019,FD,Ensino,17
2019,FD,Pesquisa,3
2019,FDRP,Cultura e Extensão,11
2019,FDRP,Ensino,3
2019,FDRP,Pesquisa,23
2019,FE,Cultura e Extensão,53
2019,FE,Ensino,65
2019,FE,Pesquisa,20
2019,FEA,Cultura e Extensão,15
2019,FEA,Ensino,13
2019,FEA,Pesquisa,12
2019,FEARP,Cultura e Extensão,16
2019,FEARP,Ensino,30
2019,FEARP,Pesquisa,19
2019,FFCLRP,Cultura e Extensão,88
2019,FFCLRP,Ensino,57
2019,FFCLRP,Pesquisa,105
2019,FFCLRP e FMRP,Cultura e Extensão,1
2019,FFCLRP e FMRP,Ensino,2
2019,FFCLRP e FMRP,Pesquisa,1
2019,FFLCH,Cultura e Extensão,73
2019,FFLCH,Ensino,38
2019,FFLCH,Pesquisa,57
2019,FM,Cultura e Extensão,12
2019,FM,Ensino,94
2019,FM,Pesquisa,36
2019,"FM, ICB, IQ e IB",Ensino,50
2019,FMRP,Cultura e Extensão,60
2019,FMRP,Ensino,13
2019,FMRP,Pesquisa,55
2019,FMVZ,Cultura e Extensão,19
2019,FMVZ,Ensino,15
2019,FMVZ,Pesquisa,17
2019,FO,Cultura e Extensão,25
2019,FO,Ensino,26
2019,FO,Pesquisa,47
2019,FOB,Cultura e Extensão,14
2019,FOB,Ensino,17
2019,FOB,Pesquisa,33
2019,FORP,Cultura e Extensão,17
2019,FORP,Ensino,7
2019,FORP,Pesquisa,16
2019,FSP,Cultura e Extensão,19
2019,FSP,Ensino,12
2019,FSP,Pesquisa,12
2019,FZEA,Cultura e Extensão,29
2019,FZEA,Ensino,46
2019,FZEA,Pesquisa,82
2019,HRAC,Ensino,3
2019,HU,Cultura e Extensão,4
2019,HU,Ensino,2
2019,HU,Pesquisa,1
2019,IAG,Cultura e Extensão,15
2019,IAG,Ensino,10
2019,IAG,Pesquisa,15
2019,IAG e IO,Pesquisa,1
2019,IAU,Cultura e Extensão,16
2019,IAU,Ensino,5
2019,IAU,Pesquisa,37
2019,IB,Cultura e Extensão,19
2019,IB,Ensino,5
2019,IB,Pesquisa,13
2019,ICB,Cultura e Extensão,22
2019,ICB,Ensino,16
2019,ICB,Pesquisa,8
2019,ICMC,Cultura e Extensão,19
2019,ICMC,Ensino,23
2019,ICMC,Pesquisa,28
2019,IEA,Ensino,20
2019,IEB,Cultura e Extensão,1
2019,IEB,Pesquisa,4
2019,IEE,Pesquisa,1
2019,IF,Cultura e Extensão,39
2019,IF,Ensino,29
2019,IF,Pesquisa,29
2019,IFSC,Cultura e Extensão,37
2019,IFSC,Ensino,11
2019,IFSC,Pesquisa,26
2019,IGc,Cultura e Extensão,19
2019,IGc,Ensino,3
2019,IGc,Pesquisa,14
2019,IME,Cultura e Extensão,4
2019,IME,Ensino,5
2019,IME,Pesquisa,6
2019,IMT,Ensino,2
2019,IMT,Pesquisa,1
2019,IO,Cultura e Extensão,16
2019,IO,Ensino,8
2019,IO,Pesquisa,19
2019,IP,Cultura e Extensão,30
2019,IP,Ensino,31
2019,IP,Pesquisa,23
2019,IQ,Cultura e Extensão,17
2019,IQ,Ensino,10
2019,IQ,Pesquisa,11
2019,IQSC,Cultura e Extensão,10
2019,IQSC,Ensino,3
2019,IQSC,Pesquisa,16
2019,IRI,Cultura e Extensão,1
2019,IRI,Ensino,6
2019,IRI,Pesquisa,14
2019,MAC,Cultura e Extensão,17
2019,MAC,Pesquisa,2
2019,MAE,Cultura e Extensão,26
2019,MAE,Ensino,2
2019,MAE,Pesquisa,7
2019,MP,Cultura e Extensão,1
2019,MP,Pesquisa,2
2019,MZ,Cultura e Extensão,9
2019,MZ,Pesquisa,2
2019,OSUSP,Cultura e Extensão,10
2019,PRCEU,Cultura e Extensão,79
2019,PUSP-LQ,Cultura e Extensão,2
2019,PUSP-RP,Cultura e Extensão,1
2019,PUSP-SC,Cultura e Extensão,4
2019,Pró-G,Ensino,15
2019,Ruínas Engenho,Cultura e Extensão,6
2019,SAS,Cultura e Extensão,2
2019,TUSP,Cultura e Extensão,8
2020,BibMindlin,Cultura e Extensão,25
2020,BibMindlin,Pesquisa,1
2020,CDCC,Cultura e Extensão,32
2020,CEBIMar,Cultura e Extensão,2
2020,CENA,Cultura e Extensão,1
2020,CENA,Ensino,1
2020,CENA,Pesquisa,13
2020,CEPEUSP,Cultura e Extensão,4
2020,CEUMA,Cultura e Extensão,4
2020,CINUSP,Cultura e Extensão,7
2020,CPC,Cultura e Extensão,5
2020,CienTec,Cultura e Extensão,15
2020,EACH,Cultura e Extensão,107
2020,EACH,Ensino,91
2020,EACH,Pesquisa,114
2020,ECA,Cultura e Extensão,66
2020,ECA,Ensino,52
2020,ECA,Pesquisa,27
2020,EE,Cultura e Extensão,4
2020,EE,Ensino,11
2020,EE,Pesquisa,27
2020,EEFE,Cultura e Extensão,32
2020,EEFE,Ensino,7
2020,EEFE,Pesquisa,5
2020,EEFERP,Cultura e Extensão,49
2020,EEFERP,Ensino,11
2020,EEFERP,Pesquisa,16
2020,EEL,Cultura e Extensão,29
2020,EEL,Ensino,33
2020,EEL,Pesquisa,82
2020,EERP,Cultura e Extensão,96
2020,EERP,Ensino,8
2020,EERP,Pesquisa,66
2020,EESC,Cultura e Extensão,47
2020,EESC,Ensino,16
2020,EESC,Pesquisa,47
2020,EESC e ICMC,Cultura e Extensão,2
2020,EESC e ICMC,Ensino,4
2020,EESC e ICMC,Pesquisa,1
2020,EP,Cultura e Extensão,9
2020,EP,Ensino,20
2020,EP,Pesquisa,39
2020,ESALQ,Cultura e Extensão,138
2020,ESALQ,Ensino,29
2020,ESALQ,Pesquisa,79
2020,FAU,Cultura e Extensão,40
2020,FAU,Ensino,18
2020,FAU,Pesquisa,41
2020,FCF,Cultura e Extensão,3
2020,FCF,Ensino,2
2020,FCF,Pesquisa,9
2020,FCFRP,Cultura e Extensão,18
2020,FCFRP,Ensino,7
2020,FCFRP,Pesquisa,25
2020,FD,Cultura e Extensão,40
2020,FD,Ensino,11
2020,FD,Pesquisa,3
2020,FDRP,Cultura e Extensão,7
2020,FDRP,Ensino,1
2020,FDRP,Pesquisa,26
2020,FE,Cultura e Extensão,43
2020,FE,Ensino,102
2020,FE,Pesquisa,22
2020,FEA,Cultura e Extensão,16
2020,FEA,Ensino,7
2020,FEA,Pesquisa,7
2020,FEARP,Cultura e Extensão,19
2020,FEARP,Ensino,16
2020,FEARP,Pesquisa,16
2020,FFCLRP,Cultura e Extensão,67
2020,FFCLRP,Ensino,44
2020,FFCLRP,Pesquisa,107
2020,FFCLRP e FEARP,Ensino,1
2020,FFCLRP e FEARP,Pesquisa,1
2020,FFCLRP e FMRP,Cultura e Extensão,5
2020,FFCLRP e FMRP,Pesquisa,4
2020,FFLCH,Cultura e Extensão,55
2020,FFLCH,Ensino,53
2020,FFLCH,Pesquisa,66
2020,FM,Cultura e Extensão,8
2020,FM,Ensino,110
2020,FM,Pesquisa,32
2020,FMRP,Cultura e Extensão,45
2020,FMRP,Ensino,24
2020,FMRP,Pesquisa,84
2020,FMVZ,Cultura e Extensão,19
2020,FMVZ,Ensino,6
2020,FMVZ,Pesquisa,24
2020,FO,Cultura e Extensão,15
2020,FO,Ensino,25
2020,FO,Pesquisa,33
2020,FOB,Cultura e Extensão,27
2020,FOB,Ensino,93
2020,FOB,Pesquisa,42
2020,FORP,Cultura e Extensão,20
2020,FORP,Ensino,13
2020,FORP,Pesquisa,14
2020,FORP e FCFRP,Ensino,1
2020,FORP e FCFRP,Pesquisa,2
2020,FSP,Cultura e Extensão,12
2020,FSP,Ensino,12
2020,FSP,Pesquisa,21
2020,FSP e FCF,Cultura e Extensão,1
2020,FZEA,Cultura e Extensão,27
2020,FZEA,Ensino,38
2020,FZEA,Pesquisa,84
2020,HU,Cultura e Extensão,10
2020,HU,Ensino,14
2020,HU,Pesquisa,3
2020,IAG,Cultura e Extensão,8
2020,IAG,Ensino,9
2020,IAG,Pesquisa,15
2020,IAG e IG,Cultura e Extensão,4
2020,IAU,Cultura e Extensão,15
2020,IAU,Ensino,5
2020,IAU,Pesquisa,37
2020,IB,Cultura e Extensão,21
2020,IB,Ensino,6
2020,IB,Pesquisa,10
2020,ICB,Cultura e Extensão,23
2020,ICB,Ensino,14
2020,ICB,Pesquisa,13
2020,ICMC,Cultura e Extensão,22
2020,ICMC,Ensino,6
2020,ICMC,Pesquisa,33
2020,IEA,Cultura e Extensão,8
2020,IEA,Ensino,1
2020,IEA,Pesquisa,2
2020,IEB,Cultura e Extensão,3
2020,IEB,Pesquisa,8
2020,IEE,Pesquisa,1
2020,IF,Cultura e Extensão,14
2020,IF,Ensino,32
2020,IF,Pesquisa,37
2020,IFSC,Cultura e Extensão,26
2020,IFSC,Ensino,10
2020,IFSC,Pesquisa,26
2020,IGc,Cultura e Extensão,18
2020,IGc,Ensino,6
2020,IGc,Pesquisa,20
2020,IME,Cultura e Extensão,7
2020,IME,Ensino,59
2020,IME,Pesquisa,7
2020,IO,Cultura e Extensão,17
2020,IO,Ensino,7
2020,IO,Pesquisa,15
2020,IP,Cultura e Extensão,32
2020,IP,Ensino,24
2020,IP,Pesquisa,29
2020,IQ,Cultura e Extensão,14
2020,IQ,Ensino,6
2020,IQ,Pesquisa,10
2020,IQSC,Cultura e Extensão,5
2020,IQSC,Ensino,3
2020,IQSC,Pesquisa,25
2020,IRI,Cultura e Extensão,3
2020,IRI,Ensino,6
2020,IRI,Pesquisa,10
2020,M A E,Cultura e Extensão,3
2020,M A E,Ensino,2
2020,M A E,Pesquisa,2
2020,MAC,Cultura e Extensão,13
2020,MAC,Pesquisa,2
2020,MAE,Cultura e Extensão,17
2020,MAE,Pesquisa,9
2020,MP,Cultura e Extensão,4
2020,MP,Pesquisa,2
2020,MZ,Cultura e Extensão,7
2020,MZ,Pesquisa,3
2020,OSUSP,Cultura e Extensão,3
2020,PRCEU,Cultura e Extensão,47
2020,PRPI,Cultura e Extensão,2
2020,PRPI,Pesquisa,1
2020,PUSP-RP,Cultura e Extensão,1
2020,PUSP-SC,Cultura e Extensão,1
2020,Pró-G,Ensino,13
2020,Ruínas Engenho,Cultura e Extensão,5
2020,SAS,Cultura e Extensão,4
2020,TUSP,Cultura e Extensão,8
2021,BibMindlin,Cultura e Extensão,28
2021,CDCC,Cultura e Extensão,29
2021,CEBIMar,Cultura e Extensão,3
2021,CENA,Cultura e Extensão,2
2021,CENA,Ensino,2
2021,CENA,Pesquisa,19
2021,CEPEUSP,Cultura e Extensão,6
2021,CEUMA,Cultura e Extensão,4
2021,CPC,Cultura e Extensão,7
2021,CienTec,Cultura e Extensão,30
2021,EACH,Cultura e Extensão,136
2021,EACH,Ensino,113
2021,EACH,Pesquisa,122
2021,ECA,Cultura e Extensão,103
2021,ECA,Ensino,81
2021,ECA,Pesquisa,41
2021,EE,Cultura e Extensão,19
2021,EE,Ensino,20
2021,EE,Pesquisa,39
2021,EEFE,Cultura e Extensão,30
2021,EEFE,Pesquisa,7
2021,EEFERP,Cultura e Extensão,43
2021,EEFERP,Ensino,11
2021,EEFERP,Pesquisa,20
2021,EEL,Cultura e Extensão,45
2021,EEL,Ensino,43
2021,EEL,Pesquisa,91
2021,EERP,Cultura e Extensão,82
2021,EERP,Ensino,14
2021,EERP,Pesquisa,60
2021,EERP e FEARP,Pesquisa,1
2021,EESC,Cultura e Extensão,56
2021,EESC,Ensino,20
2021,EESC,Pesquisa,61
2021,EESC e ICMC,Cultura e Extensão,2
2021,EESC e ICMC,Pesquisa,2
2021,EP,Cultura e Extensão,32
2021,EP,Ensino,38
2021,EP,Pesquisa,53
2021,ESALQ,Cultura e Extensão,210
2021,ESALQ,Ensino,38
2021,ESALQ,Pesquisa,125
2021,FAU,Cultura e Extensão,61
2021,FAU,Ensino,31
2021,FAU,Pesquisa,61
2021,FCF,Cultura e Extensão,7
2021,FCF,Ensino,2
2021,FCF,Pesquisa,13
2021,FCFRP,Cultura e Extensão,25
2021,FCFRP,Ensino,4
2021,FCFRP,Pesquisa,36
2021,FD,Cultura e Extensão,76
2021,FD,Ensino,8
2021,FD,Pesquisa,9
2021,FDRP,Cultura e Extensão,11
2021,FDRP,Ensino,3
2021,FDRP,Pesquisa,36
2021,FE,Cultura e Extensão,83
2021,FE,Ensino,123
2021,FE,Pesquisa,28
2021,FEA,Cultura e Extensão,29
2021,FEA,Ensino,23
2021,FEA,Pesquisa,16
2021,FEARP,Cultura e Extensão,26
2021,FEARP,Ensino,22
2021,FEARP,Pesquisa,29
2021,FFCLRP,Cultura e Extensão,100
2021,FFCLRP,Ensino,46
2021,FFCLRP,Pesquisa,120
2021,FFCLRP e FEARP,Pesquisa,2
2021,FFCLRP e FMRP,Cultura e Extensão,2
2021,FFCLRP e FMRP,Pesquisa,3
2021,FFLCH,Cultura e Extensão,84
2021,FFLCH,Ensino,68
2021,FFLCH,Pesquisa,78
2021,FM,Cultura e Extensão,25
2021,FM,Ensino,199
2021,FM,Pesquisa,35
2021,"FM, ICB, IQ e IB",Cultura e Extensão,2
2021,FMRP,Cultura e Extensão,40
2021,FMRP,Ensino,18
2021,FMRP,Pesquisa,97
2021,FMVZ,Cultura e Extensão,42
2021,FMVZ,Ensino,18
2021,FMVZ,Pesquisa,35
2021,FO,Cultura e Extensão,20
2021,FO,Ensino,46
2021,FO,Pesquisa,41
2021,FOB,Cultura e Extensão,37
2021,FOB,Ensino,135
2021,FOB,Pesquisa,73
2021,FORP,Cultura e Extensão,27
2021,FORP,Ensino,13
2021,FORP,Pesquisa,26
2021,FSP,Cultura e Extensão,14
2021,FSP,Ensino,6
2021,FSP,Pesquisa,22
2021,FSP e FCF,Pesquisa,1
2021,FZEA,Cultura e Extensão,32
2021,FZEA,Ensino,39
2021,FZEA,Pesquisa,84
2021,HU,Cultura e Extensão,6
2021,HU,Ensino,9
2021,IAG,Cultura e Extensão,21
2021,IAG,Ensino,5
2021,IAG,Pesquisa,27
2021,IAU,Cultura e Extensão,22
2021,IAU,Ensino,7
2021,IAU,Pesquisa,49
2021,IB,Cultura e Extensão,27
2021,IB,Ensino,8
2021,IB,Pesquisa,18
2021,ICB,Cultura e Extensão,26
2021,ICB,Ensino,18
2021,ICB,Pesquisa,24
2021,ICMC,Cultura e Extensão,22
2021,ICMC,Ensino,16
2021,ICMC,Pesquisa,40
2021,IEA,Cultura e Extensão,13
2021,IEA,Ensino,1
2021,IEA,Pesquisa,1
2021,IEB,Cultura e Extensão,4
2021,IEB,Pesquisa,9
2021,IF,Cultura e Extensão,31
2021,IF,Ensino,23
2021,IF,Pesquisa,48
2021,IFSC,Cultura e Extensão,30
2021,IFSC,Ensino,11
2021,IFSC,Pesquisa,40
2021,IGc,Cultura e Extensão,28
2021,IGc,Ensino,3
2021,IGc,Pesquisa,21
2021,IME,Cultura e Extensão,6
2021,IME,Ensino,60
2021,IME,Pesquisa,10
2021,IO,Cultura e Extensão,14
2021,IO,Ensino,8
2021,IO,Pesquisa,19
2021,IP,Cultura e Extensão,33
2021,IP,Ensino,37
2021,IP,Pesquisa,31
2021,IQ,Cultura e Extensão,18
2021,IQ,Ensino,4
2021,IQ,Pesquisa,18
2021,IQSC,Cultura e Extensão,7
2021,IQSC,Ensino,6
2021,IQSC,Pesquisa,25
2021,IRI,Cultura e Extensão,6
2021,IRI,Ensino,4
2021,IRI,Pesquisa,13
2021,M A E,Cultura e Extensão,6
2021,M A E,Pesquisa,5
2021,MAC,Cultura e Extensão,14
2021,MAE,Cultura e Extensão,9
2021,MAE,Ensino,1
2021,MAE,Pesquisa,5
2021,MP,Cultura e Extensão,4
2021,MZ,Cultura e Extensão,5
2021,MZ,Pesquisa,2
2021,OSUSP,Cultura e Extensão,3
2021,PRCEU,Cultura e Extensão,87
2021,PRCEU,Pesquisa,1
2021,PUSP-LQ,Cultura e Extensão,2
2021,PUSP-SC,Cultura e Extensão,3
2021,PUSP-SC,Ensino,1
2021,Pró-G,Ensino,20
2021,Pró-G,Pesquisa,1
2021,Ruínas Engenho,Cultura e Extensão,4
2021,SAS,Cultura e Extensão,4
2021,TUSP,Cultura e Extensão,10
2022,BibMindlin,Cultura e Extensão,26
2022,CDCC,Cultura e Extensão,38
2022,CEBIMar,Cultura e Extensão,6
2022,CEBIMar,Pesquisa,1
2022,CENA,Cultura e Extensão,10
2022,CENA,Ensino,1
2022,CENA,Pesquisa,27
2022,CEPEUSP,Cultura e Extensão,9
2022,CEUMA,Cultura e Extensão,18
2022,CINUSP,Cultura e Extensão,10
2022,CORAL USP,Cultura e Extensão,8
2022,CPC,Cultura e Extensão,24
2022,CienTec,Cultura e Extensão,16
2022,CienTec,Pesquisa,6
2022,EACH,Cultura e Extensão,164
2022,EACH,Ensino,105
2022,EACH,Pesquisa,158
2022,ECA,Cultura e Extensão,123
2022,ECA,Ensino,79
2022,ECA,Pesquisa,58
2022,EE,Cultura e Extensão,33
2022,EE,Ensino,21
2022,EE,Pesquisa,52
2022,EEFE,Cultura e Extensão,47
2022,EEFE,Pesquisa,7
2022,EEFERP,Cultura e Extensão,63
2022,EEFERP,Ensino,8
2022,EEFERP,Pesquisa,42
2022,EEL,Cultura e Extensão,43
2022,EEL,Ensino,35
2022,EEL,Pesquisa,128
2022,EERP,Cultura e Extensão,128
2022,EERP,Ensino,19
2022,EERP,Pesquisa,59
2022,EERP e FEARP,Pesquisa,1
2022,EESC,Cultura e Extensão,53
2022,EESC,Ensino,25
2022,EESC,Pesquisa,69
2022,EESC e ICMC,Cultura e Extensão,6
2022,EESC e ICMC,Ensino,7
2022,EESC e ICMC,Pesquisa,1
2022,EP,Cultura e Extensão,39
2022,EP,Ensino,64
2022,EP,Pesquisa,88
2022,ESALQ,Cultura e Extensão,249
2022,ESALQ,Ensino,45
2022,ESALQ,Pesquisa,162
2022,Estação Ciência,Cultura e Extensão,4
2022,FAU,Cultura e Extensão,81
2022,FAU,Ensino,26
2022,FAU,Pesquisa,93
2022,FCF,Cultura e Extensão,9
2022,FCF,Pesquisa,17
2022,FCFRP,Cultura e Extensão,40
2022,FCFRP,Ensino,9
2022,FCFRP,Pesquisa,49
2022,FD,Cultura e Extensão,48
2022,FD,Ensino,5
2022,FDRP,Cultura e Extensão,22
2022,FDRP,Ensino,10
2022,FDRP,Pesquisa,55
2022,FE,Cultura e Extensão,112
2022,FE,Ensino,77
2022,FE,Pesquisa,72
2022,FEA,Cultura e Extensão,27
2022,FEA,Ensino,36
2022,FEA,Pesquisa,41
2022,FEARP,Cultura e Extensão,31
2022,FEARP,Ensino,35
2022,FEARP,Pesquisa,34
2022,FFCLRP,Cultura e Extensão,129
2022,FFCLRP,Ensino,67
2022,FFCLRP,Pesquisa,162
2022,FFCLRP e FEARP,Pesquisa,5
2022,FFCLRP e FMRP,Cultura e Extensão,4
2022,FFCLRP e FMRP,Ensino,2
2022,FFCLRP e FMRP,Pesquisa,2
2022,FFLCH,Cultura e Extensão,121
2022,FFLCH,Ensino,90
2022,FFLCH,Pesquisa,200
2022,FM,Cultura e Extensão,28
2022,FM,Ensino,66
2022,FM,Pesquisa,33
2022,FMRP,Cultura e Extensão,77
2022,FMRP,Ensino,20
2022,FMRP,Pesquisa,147
2022,FMVZ,Cultura e Extensão,40
2022,FMVZ,Ensino,21
2022,FMVZ,Pesquisa,48
2022,FO,Cultura e Extensão,49
2022,FO,Ensino,34
2022,FO,Pesquisa,57
2022,FOB,Cultura e Extensão,47
2022,FOB,Ensino,98
2022,FOB,Pesquisa,90
2022,FORP,Cultura e Extensão,44
2022,FORP,Ensino,21
2022,FORP,Pesquisa,29
2022,FORP e FCFRP,Pesquisa,2
2022,FSP,Cultura e Extensão,28
2022,FSP,Ensino,17
2022,FSP,Pesquisa,35
2022,FZEA,Cultura e Extensão,56
2022,FZEA,Ensino,47
2022,FZEA,Pesquisa,141
2022,HRAC,Pesquisa,1
2022,HU,Cultura e Extensão,6
2022,HU,Pesquisa,7
2022,IAG,Cultura e Extensão,32
2022,IAG,Ensino,5
2022,IAG,Pesquisa,33
2022,IAU,Cultura e Extensão,18
2022,IAU,Ensino,8
2022,IAU,Pesquisa,50
2022,IB,Cultura e Extensão,56
2022,IB,Ensino,8
2022,IB,Pesquisa,38
2022,ICB,Cultura e Extensão,40
2022,ICB,Ensino,32
2022,ICB,Pesquisa,47
2022,ICMC,Cultura e Extensão,37
2022,ICMC,Ensino,11
2022,ICMC,Pesquisa,57
2022,IEA,Cultura e Extensão,11
2022,IEA,Ensino,3
2022,IEA,Pesquisa,10
2022,IEB,Cultura e Extensão,17
2022,IEB,Pesquisa,27
2022,IF,Cultura e Extensão,29
2022,IF,Ensino,39
2022,IF,Pesquisa,67
2022,IFSC,Cultura e Extensão,57
2022,IFSC,Ensino,11
2022,IFSC,Pesquisa,72
2022,IGc,Cultura e Extensão,37
2022,IGc,Ensino,4
2022,IGc,Pesquisa,29
2022,IME,Cultura e Extensão,19
2022,IME,Ensino,33
2022,IME,Pesquisa,14
2022,IO,Cultura e Extensão,35
2022,IO,Ensino,11
2022,IO,Pesquisa,36
2022,IP,Cultura e Extensão,69
2022,IP,Ensino,39
2022,IP,Pesquisa,51
2022,IQ,Cultura e Extensão,27
2022,IQ,Ensino,21
2022,IQ,Pesquisa,21
2022,IQSC,Cultura e Extensão,10
2022,IQSC,Ensino,2
2022,IQSC,Pesquisa,35
2022,IRI,Cultura e Extensão,4
2022,IRI,Pesquisa,19
2022,M A E,Cultura e Extensão,4
2022,MAC,Cultura e Extensão,32
2022,MAE,Cultura e Extensão,28
2022,MAE,Pesquisa,16
2022,MP,Cultura e Extensão,3
2022,MP,Ensino,3
2022,MP,Pesquisa,1
2022,MZ,Cultura e Extensão,8
2022,MZ,Pesquisa,6
2022,OSUSP,Cultura e Extensão,6
2022,PRCEU,Cultura e Extensão,24
2022,PUSP-C,Pesquisa,2
2022,PUSP-LQ,Cultura e Extensão,9
2022,PUSP-SC,Cultura e Extensão,5
2022,Pró-G,Ensino,3
2022,Ruínas Engenho,Cultura e Extensão,5
2022,SAS,Cultura e Extensão,15
2022,SAS,Pesquisa,16
2022,TUSP,Cultura e Extensão,14
2023,BibMindlin,Cultura e Extensão,28
2023,CDCC,Cultura e Extensão,29
2023,CEBIMar,Cultura e Extensão,3
2023,CENA,Cultura e Extensão,4
2023,CENA,Ensino,3
2023,CENA,Pesquisa,23
2023,CEPEUSP,Cultura e Extensão,7
2023,CEUMA,Cultura e Extensão,15
2023,CINUSP,Cultura e Extensão,10
2023,CORAL USP,Cultura e Extensão,7
2023,CPC,Cultura e Extensão,13
2023,CienTec,Cultura e Extensão,27
2023,EACH,Cultura e Extensão,134
2023,EACH,Ensino,68
2023,EACH,Pesquisa,134
2023,ECA,Cultura e Extensão,80
2023,ECA,Ensino,58
2023,ECA,Pesquisa,52
2023,EE,Cultura e Extensão,21
2023,EE,Ensino,11
2023,EE,Pesquisa,35
2023,EEFE,Cultura e Extensão,31
2023,EEFE,Ensino,6
2023,EEFE,Pesquisa,6
2023,EEFERP,Cultura e Extensão,48
2023,EEFERP,Ensino,6
2023,EEFERP,Pesquisa,17
2023,EEL,Cultura e Extensão,42
2023,EEL,Ensino,26
2023,EEL,Pesquisa,105
2023,EERP,Cultura e Extensão,107
2023,EERP,Ensino,21
2023,EERP,Pesquisa,55
2023,EERP e FEARP,Cultura e Extensão,1
2023,EESC,Cultura e Extensão,45
2023,EESC,Ensino,31
2023,EESC,Pesquisa,78
2023,EESC e ICMC,Cultura e Extensão,2
2023,EESC e ICMC,Ensino,1
2023,EESC e ICMC,Pesquisa,3
2023,EP,Cultura e Extensão,18
2023,EP,Ensino,44
2023,EP,Pesquisa,72
2023,ESALQ,Cultura e Extensão,130
2023,ESALQ,Ensino,31
2023,ESALQ,Pesquisa,135
2023,FAU,Cultura e Extensão,51
2023,FAU,Ensino,19
2023,FAU,Pesquisa,57
2023,FCF,Cultura e Extensão,7
2023,FCF,Ensino,2
2023,FCF,Pesquisa,13
2023,FCFRP,Cultura e Extensão,27
2023,FCFRP,Ensino,10
2023,FCFRP,Pesquisa,40
2023,FD,Cultura e Extensão,29
2023,FD,Ensino,2
2023,FD,Pesquisa,7
2023,FDRP,Cultura e Extensão,21
2023,FDRP,Ensino,6
2023,FDRP,Pesquisa,51
2023,FE,Cultura e Extensão,61
2023,FE,Ensino,25
2023,FE,Pesquisa,26
2023,FEA,Cultura e Extensão,9
2023,FEA,Ensino,16
2023,FEA,Pesquisa,24
2023,FEARP,Cultura e Extensão,16
2023,FEARP,Ensino,15
2023,FEARP,Pesquisa,21
2023,FFCLRP,Cultura e Extensão,104
2023,FFCLRP,Ensino,48
2023,FFCLRP,Pesquisa,133
2023,FFCLRP e FEARP,Ensino,5
2023,FFCLRP e FEARP,Pesquisa,1
2023,FFCLRP e FMRP,Ensino,2
2023,FFCLRP e FMRP,Pesquisa,2
2023,FFLCH,Cultura e Extensão,75
2023,FFLCH,Ensino,71
2023,FFLCH,Pesquisa,105
2023,FM,Cultura e Extensão,38
2023,FM,Ensino,38
2023,FM,Pesquisa,44
2023,"FM, ICB, IQ e IB",Ensino,3
2023,FMRP,Cultura e Extensão,55
2023,FMRP,Ensino,12
2023,FMRP,Pesquisa,121
2023,FMVZ,Cultura e Extensão,23
2023,FMVZ,Ensino,12
2023,FMVZ,Pesquisa,30
2023,FO,Cultura e Extensão,28
2023,FO,Ensino,30
2023,FO,Pesquisa,45
2023,FOB,Cultura e Extensão,38
2023,FOB,Ensino,46
2023,FOB,Pesquisa,79
2023,FORP,Cultura e Extensão,26
2023,FORP,Ensino,15
2023,FORP,Pesquisa,29
2023,FSP,Cultura e Extensão,16
2023,FSP,Ensino,12
2023,FSP,Pesquisa,21
2023,FSP e FCF,Cultura e Extensão,1
2023,FSP e FCF,Pesquisa,2
2023,FZEA,Cultura e Extensão,43
2023,FZEA,Ensino,44
2023,FZEA,Pesquisa,87
2023,HRAC,Pesquisa,3
2023,HU,Cultura e Extensão,1
2023,HU,Pesquisa,1
2023,IAG,Cultura e Extensão,26
2023,IAG,Ensino,2
2023,IAG,Pesquisa,29
2023,IAG e IG,Pesquisa,1
2023,IAU,Cultura e Extensão,15
2023,IAU,Ensino,8
2023,IAU,Pesquisa,43
2023,IB,Cultura e Extensão,37
2023,IB,Ensino,6
2023,IB,Pesquisa,33
2023,ICB,Cultura e Extensão,17
2023,ICB,Ensino,21
2023,ICB,Pesquisa,38
2023,ICMC,Cultura e Extensão,41
2023,ICMC,Ensino,7
2023,ICMC,Pesquisa,47
2023,IEA,Cultura e Extensão,4
2023,IEA,Ensino,3
2023,IEA,Pesquisa,2
2023,IEB,Cultura e Extensão,8
2023,IEB,Pesquisa,10
2023,IF,Cultura e Extensão,28
2023,IF,Ensino,26
2023,IF,Pesquisa,53
2023,IFSC,Cultura e Extensão,34
2023,IFSC,Ensino,17
2023,IFSC,Pesquisa,42
2023,IGc,Cultura e Extensão,30
2023,IGc,Ensino,4
2023,IGc,Pesquisa,29
2023,IME,Cultura e Extensão,16
2023,IME,Ensino,8
2023,IME,Pesquisa,14
2023,IO,Cultura e Extensão,23
2023,IO,Ensino,12
2023,IO,Pesquisa,25
2023,IP,Cultura e Extensão,43
2023,IP,Ensino,15
2023,IP,Pesquisa,32
2023,IQ,Cultura e Extensão,17
2023,IQ,Ensino,11
2023,IQ,Pesquisa,29
2023,IQSC,Cultura e Extensão,6
2023,IQSC,Ensino,8
2023,IQSC,Pesquisa,34
2023,IRI,Cultura e Extensão,4
2023,IRI,Ensino,5
2023,IRI,Pesquisa,12
2023,M A E,Cultura e Extensão,2
2023,M A E,Pesquisa,3
2023,MAC,Cultura e Extensão,17
2023,MAC,Pesquisa,2
2023,MAE,Cultura e Extensão,13
2023,MAE,Pesquisa,8
2023,MP,Cultura e Extensão,4
2023,MP,Pesquisa,4
2023,MZ,Cultura e Extensão,12
2023,MZ,Pesquisa,7
2023,OSUSP,Cultura e Extensão,8
2023,PRCEU,Cultura e Extensão,23
2023,PRCEU,Pesquisa,1
2023,PUSP-RP,Cultura e Extensão,2
2023,PUSP-SC,Cultura e Extensão,5
2023,Pró-G,Ensino,4
2023,Ruínas Engenho,Ensino,2
2023,SAS,Cultura e Extensão,28
2023,SAS,Ensino,8
2023,SAS,Pesquisa,19
2023,TUSP,Cultura e Extensão,10
2024,BibMindlin,Cultura e Extensão,27
2024,CDCC,Cultura e Extensão,32
2024,CEBIMar,Cultura e Extensão,3
2024,CENA,Cultura e Extensão,6
2024,CENA,Ensino,3
2024,CENA,Inclusão e Pertencimento,3
2024,CENA,Pesquisa,19
2024,CEPEUSP,Inclusão e Pertencimento,2
2024,CEUMA,Cultura e Extensão,15
2024,CIAGRI,Cultura e Extensão,2
2024,CIAGRI,Pesquisa,1
2024,CINUSP,Cultura e Extensão,10
2024,CORAL USP,Cultura e Extensão,6
2024,CPC,Cultura e Extensão,7
2024,CPC,Pesquisa,1
2024,CienTec,Cultura e Extensão,15
2024,CienTec,Inclusão e Pertencimento,2
2024,CienTec,Pesquisa,1
2024,EACH,Cultura e Extensão,102
2024,EACH,Ensino,64
2024,EACH,Inclusão e Pertencimento,22
2024,EACH,Pesquisa,111
2024,ECA,Cultura e Extensão,83
2024,ECA,Ensino,37
2024,ECA,Inclusão e Pertencimento,10
2024,ECA,Pesquisa,49
2024,EE,Cultura e Extensão,30
2024,EE,Ensino,19
2024,EE,Inclusão e Pertencimento,14
2024,EE,Pesquisa,38
2024,EEFE,Cultura e Extensão,29
2024,EEFE,Ensino,5
2024,EEFE,Pesquisa,7
2024,EEFERP,Cultura e Extensão,47
2024,EEFERP,Ensino,11
2024,EEFERP,Inclusão e Pertencimento,8
2024,EEFERP,Pesquisa,13
2024,EEL,Cultura e Extensão,50
2024,EEL,Ensino,38
2024,EEL,Inclusão e Pertencimento,12
2024,EEL,Pesquisa,64
2024,EERP,Cultura e Extensão,75
2024,EERP,Ensino,25
2024,EERP,Inclusão e Pertencimento,20
2024,EERP,Pesquisa,50
2024,EERP e FEARP,Pesquisa,1
2024,EESC,Cultura e Extensão,47
2024,EESC,Ensino,28
2024,EESC,Inclusão e Pertencimento,7
2024,EESC,Pesquisa,63
2024,EESC e ICMC,Cultura e Extensão,6
2024,EESC e ICMC,Ensino,2
2024,EESC e ICMC,Pesquisa,4
2024,EP,Cultura e Extensão,28
2024,EP,Ensino,43
2024,EP,Inclusão e Pertencimento,14
2024,EP,Pesquisa,64
2024,ESALQ,Cultura e Extensão,93
2024,ESALQ,Ensino,40
2024,ESALQ,Inclusão e Pertencimento,14
2024,ESALQ,Pesquisa,118
2024,FAU,Cultura e Extensão,72
2024,FAU,Ensino,24
2024,FAU,Inclusão e Pertencimento,16
2024,FAU,Pesquisa,48
2024,FCF,Cultura e Extensão,8
2024,FCF,Ensino,3
2024,FCF,Inclusão e Pertencimento,4
2024,FCF,Pesquisa,15
2024,FCF e ICB,Pesquisa,1
2024,FCFRP,Cultura e Extensão,27
2024,FCFRP,Ensino,6
2024,FCFRP,Inclusão e Pertencimento,5
2024,FCFRP,Pesquisa,35
2024,FD,Cultura e Extensão,28
2024,FD,Ensino,3
2024,FD,Inclusão e Pertencimento,8
2024,FD,Pesquisa,3
2024,FDRP,Cultura e Extensão,29
2024,FDRP,Ensino,17
2024,FDRP,Inclusão e Pertencimento,7
2024,FDRP,Pesquisa,30
2024,FE,Cultura e Extensão,50
2024,FE,Ensino,16
2024,FE,Inclusão e Pertencimento,24
2024,FE,Pesquisa,28
2024,FEA,Cultura e Extensão,14
2024,FEA,Ensino,7
2024,FEA,Inclusão e Pertencimento,2
2024,FEA,Pesquisa,14
2024,FEARP,Cultura e Extensão,17
2024,FEARP,Ensino,10
2024,FEARP,Inclusão e Pertencimento,1
2024,FEARP,Pesquisa,22
2024,FFCLRP,Cultura e Extensão,63
2024,FFCLRP,Ensino,53
2024,FFCLRP,Inclusão e Pertencimento,21
2024,FFCLRP,Pesquisa,105
2024,FFCLRP e FEARP,Cultura e Extensão,1
2024,FFCLRP e FEARP,Ensino,1
2024,FFCLRP e FEARP,Inclusão e Pertencimento,1
2024,FFCLRP e FMRP,Cultura e Extensão,2
2024,FFCLRP e FMRP,Pesquisa,2
2024,FFLCH,Cultura e Extensão,82
2024,FFLCH,Ensino,69
2024,FFLCH,Inclusão e Pertencimento,19
2024,FFLCH,Pesquisa,99
2024,FM,Cultura e Extensão,43
2024,FM,Ensino,26
2024,FM,Inclusão e Pertencimento,10
2024,FM,Pesquisa,44
2024,"FM, ICB, IQ e IB",Ensino,2
2024,FMBRU,Cultura e Extensão,25
2024,FMBRU,Ensino,19
2024,FMBRU,Inclusão e Pertencimento,6
2024,FMBRU,Pesquisa,20
2024,FMRP,Cultura e Extensão,54
2024,FMRP,Ensino,22
2024,FMRP,Inclusão e Pertencimento,13
2024,FMRP,Pesquisa,96
2024,FMVZ,Cultura e Extensão,30
2024,FMVZ,Ensino,22
2024,FMVZ,Inclusão e Pertencimento,4
2024,FMVZ,Pesquisa,26
2024,FO,Cultura e Extensão,29
2024,FO,Ensino,33
2024,FO,Inclusão e Pertencimento,7
2024,FO,Pesquisa,51
2024,"FO, ICB, IQ e IB",Pesquisa,1
2024,FOB,Cultura e Extensão,24
2024,FOB,Ensino,17
2024,FOB,Inclusão e Pertencimento,8
2024,FOB,Pesquisa,32
2024,FORP,Cultura e Extensão,35
2024,FORP,Ensino,16
2024,FORP,Inclusão e Pertencimento,3
2024,FORP,Pesquisa,32
2024,FORP e FCFRP,Pesquisa,1
2024,FSP,Cultura e Extensão,15
2024,FSP,Ensino,4
2024,FSP,Inclusão e Pertencimento,13
2024,FSP,Pesquisa,23
2024,FSP e FCF,Cultura e Extensão,1
2024,FSP e FCF,Pesquisa,1
2024,FZEA,Cultura e Extensão,50
2024,FZEA,Ensino,33
2024,FZEA,Inclusão e Pertencimento,11
2024,FZEA,Pesquisa,71
2024,Física Méd - IF e FM,Ensino,1
2024,HU,Cultura e Extensão,1
2024,HU,Pesquisa,1
2024,IAG,Cultura e Extensão,25
2024,IAG,Ensino,4
2024,IAG,Inclusão e Pertencimento,3
2024,IAG,Pesquisa,28
2024,IAG e IG,Cultura e Extensão,4
2024,IAG e IG,Pesquisa,1
2024,IAU,Cultura e Extensão,12
2024,IAU,Ensino,8
2024,IAU,Inclusão e Pertencimento,4
2024,IAU,Pesquisa,21
2024,IB,Cultura e Extensão,38
2024,IB,Ensino,13
2024,IB,Inclusão e Pertencimento,3
2024,IB,Pesquisa,28
2024,IB e CEBIMar,Pesquisa,1
2024,ICB,Cultura e Extensão,25
2024,ICB,Ensino,8
2024,ICB,Inclusão e Pertencimento,8
2024,ICB,Pesquisa,41
2024,ICMC,Cultura e Extensão,44
2024,ICMC,Ensino,12
2024,ICMC,Inclusão e Pertencimento,5
2024,ICMC,Pesquisa,45
2024,IEA,Cultura e Extensão,4
2024,IEA,Inclusão e Pertencimento,4
2024,IEA,Pesquisa,2
2024,IEB,Cultura e Extensão,10
2024,IEB,Inclusão e Pertencimento,3
2024,IEB,Pesquisa,3
2024,IF,Cultura e Extensão,30
2024,IF,Ensino,24
2024,IF,Inclusão e Pertencimento,3
2024,IF,Pesquisa,41
2024,IFSC,Cultura e Extensão,32
2024,IFSC,Ensino,12
2024,IFSC,Inclusão e Pertencimento,10
2024,IFSC,Pesquisa,29
2024,IGc,Cultura e Extensão,29
2024,IGc,Ensino,6
2024,IGc,Pesquisa,27
2024,IME,Cultura e Extensão,15
2024,IME,Ensino,11
2024,IME,Inclusão e Pertencimento,4
2024,IME,Pesquisa,23
2024,IO,Cultura e Extensão,23
2024,IO,Ensino,14
2024,IO,Inclusão e Pertencimento,1
2024,IO,Pesquisa,28
2024,IP,Cultura e Extensão,41
2024,IP,Ensino,9
2024,IP,Inclusão e Pertencimento,6
2024,IP,Pesquisa,27
2024,IQ,Cultura e Extensão,18
2024,IQ,Ensino,8
2024,IQ,Inclusão e Pertencimento,3
2024,IQ,Pesquisa,24
2024,IQSC,Cultura e Extensão,15
2024,IQSC,Ensino,7
2024,IQSC,Inclusão e Pertencimento,1
2024,IQSC,Pesquisa,24
2024,IRI,Cultura e Extensão,4
2024,IRI,Ensino,6
2024,IRI,Pesquisa,9
2024,Inter IFSC/IQSC/ICMC,Ensino,1
2024,M A E,Cultura e Extensão,8
2024,M A E,Ensino,1
2024,M A E,Pesquisa,2
2024,MAC,Cultura e Extensão,6
2024,MAC,Inclusão e Pertencimento,4
2024,MAC,Pesquisa,3
2024,MAE,Cultura e Extensão,5
2024,MAE,Ensino,1
2024,MAE,Pesquisa,6
2024,MP,Cultura e Extensão,4
2024,MP,Ensino,1
2024,MP,Pesquisa,2
2024,MZ,Cultura e Extensão,11
2024,MZ,Inclusão e Pertencimento,3
2024,MZ,Pesquisa,6
2024,OSUSP,Cultura e Extensão,5
2024,PRCEU,Cultura e Extensão,15
2024,PRIP,Inclusão e Pertencimento,42
2024,PRPI,Pesquisa,1
2024,PUSP-LQ,Inclusão e Pertencimento,2
2024,PUSP-RP,Cultura e Extensão,2
2024,PUSP-SC,Cultura e Extensão,2
2024,PUSP-SC,Inclusão e Pertencimento,2
2024,Pró-G,Ensino,3
2024,TUSP,Cultura e Extensão,8
2025,BibMindlin,Cultura e Extensão,18
2025,BibMindlin,Ensino,1
2025,CDCC,Cultura e Extensão,16
2025,CEBIMar,Cultura e Extensão,2
2025,CENA,Cultura e Extensão,7
2025,CENA,Inclusão e Pertencimento,3
2025,CENA,Pesquisa,14
2025,CEPEUSP,Inclusão e Pertencimento,1
2025,CEUMA,Cultura e Extensão,11
2025,CINUSP,Cultura e Extensão,10
2025,CORAL USP,Cultura e Extensão,5
2025,CienTec,Cultura e Extensão,15
2025,CienTec,Inclusão e Pertencimento,1
2025,EACH,Cultura e Extensão,71
2025,EACH,Ensino,62
2025,EACH,Inclusão e Pertencimento,20
2025,EACH,Pesquisa,115
2025,ECA,Cultura e Extensão,67
2025,ECA,Ensino,54
2025,ECA,Inclusão e Pertencimento,13
2025,ECA,Pesquisa,69
2025,EE,Cultura e Extensão,33
2025,EE,Ensino,22
2025,EE,Inclusão e Pertencimento,13
2025,EE,Pesquisa,43
2025,EEFE,Cultura e Extensão,10
2025,EEFE,Ensino,1
2025,EEFE,Inclusão e Pertencimento,1
2025,EEFE,Pesquisa,15
2025,EEFERP,Cultura e Extensão,14
2025,EEFERP,Ensino,8
2025,EEFERP,Inclusão e Pertencimento,6
2025,EEFERP,Pesquisa,17
2025,EEL,Cultura e Extensão,37
2025,EEL,Ensino,43
2025,EEL,Inclusão e Pertencimento,11
2025,EEL,Pesquisa,74
2025,EERP,Cultura e Extensão,58
2025,EERP,Ensino,32
2025,EERP,Inclusão e Pertencimento,20
2025,EERP,Pesquisa,64
2025,EESC,Cultura e Extensão,39
2025,EESC,Ensino,42
2025,EESC,Inclusão e Pertencimento,10
2025,EESC,Pesquisa,92
2025,EESC e ICMC,Cultura e Extensão,1
2025,EESC e ICMC,Ensino,1
2025,EESC e ICMC,Pesquisa,2
2025,EP,Cultura e Extensão,34
2025,EP,Ensino,50
2025,EP,Inclusão e Pertencimento,9
2025,EP,Pesquisa,94
2025,"EP, IME e IF",Cultura e Extensão,1
2025,"EP, IME e IF",Ensino,1
2025,"EP, IME e IF",Pesquisa,2
2025,ESALQ,Cultura e Extensão,95
2025,ESALQ,Ensino,62
2025,ESALQ,Inclusão e Pertencimento,23
2025,ESALQ,Pesquisa,145
2025,FAU,Cultura e Extensão,45
2025,FAU,Ensino,29
2025,FAU,Inclusão e Pertencimento,12
2025,FAU,Pesquisa,59
2025,FCF,Cultura e Extensão,10
2025,FCF,Ensino,6
2025,FCF,Inclusão e Pertencimento,5
2025,FCF,Pesquisa,17
2025,FCF e ICB,Pesquisa,1
2025,FCFRP,Cultura e Extensão,26
2025,FCFRP,Ensino,12
2025,FCFRP,Inclusão e Pertencimento,7
2025,FCFRP,Pesquisa,51
2025,FD,Cultura e Extensão,11
2025,FD,Ensino,2
2025,FD,Inclusão e Pertencimento,3
2025,FD,Pesquisa,6
2025,FDRP,Cultura e Extensão,25
2025,FDRP,Ensino,15
2025,FDRP,Inclusão e Pertencimento,6
2025,FDRP,Pesquisa,29
2025,FE,Cultura e Extensão,31
2025,FE,Ensino,20
2025,FE,Inclusão e Pertencimento,18
2025,FE,Pesquisa,33
2025,FEA,Cultura e Extensão,13
2025,FEA,Ensino,12
2025,FEA,Inclusão e Pertencimento,2
2025,FEA,Pesquisa,30
2025,FEARP,Cultura e Extensão,9
2025,FEARP,Ensino,8
2025,FEARP,Inclusão e Pertencimento,9
2025,FEARP,Pesquisa,34
2025,FFCLRP,Cultura e Extensão,80
2025,FFCLRP,Ensino,53
2025,FFCLRP,Inclusão e Pertencimento,23
2025,FFCLRP,Pesquisa,119
2025,FFCLRP e FEARP,Cultura e Extensão,1
2025,FFCLRP e FEARP,Inclusão e Pertencimento,1
2025,FFCLRP e FMRP,Cultura e Extensão,2
2025,FFCLRP e FMRP,Inclusão e Pertencimento,1
2025,FFLCH,Cultura e Extensão,70
2025,FFLCH,Ensino,59
2025,FFLCH,Inclusão e Pertencimento,19
2025,FFLCH,Pesquisa,140
2025,FM,Cultura e Extensão,32
2025,FM,Ensino,24
2025,FM,Inclusão e Pertencimento,9
2025,FM,Pesquisa,53
2025,"FM, ICB, IQ e IB",Pesquisa,3
2025,FMBRU,Cultura e Extensão,15
2025,FMBRU,Ensino,19
2025,FMBRU,Inclusão e Pertencimento,6
2025,FMBRU,Pesquisa,21
2025,FMRP,Cultura e Extensão,51
2025,FMRP,Ensino,30
2025,FMRP,Inclusão e Pertencimento,15
2025,FMRP,Pesquisa,118
2025,FMVZ,Cultura e Extensão,19
2025,FMVZ,Ensino,14
2025,FMVZ,Inclusão e Pertencimento,2
2025,FMVZ,Pesquisa,32
2025,FO,Cultura e Extensão,39
2025,FO,Ensino,34
2025,FO,Inclusão e Pertencimento,13
2025,FO,Pesquisa,66
2025,"FO, ICB, IQ e IB",Pesquisa,1
2025,FOB,Cultura e Extensão,25
2025,FOB,Ensino,21
2025,FOB,Inclusão e Pertencimento,8
2025,FOB,Pesquisa,44
2025,FORP,Cultura e Extensão,32
2025,FORP,Ensino,31
2025,FORP,Inclusão e Pertencimento,3
2025,FORP,Pesquisa,41
2025,FSP,Cultura e Extensão,23
2025,FSP,Ensino,8
2025,FSP,Inclusão e Pertencimento,7
2025,FSP,Pesquisa,23
2025,FZEA,Cultura e Extensão,43
2025,FZEA,Ensino,37
2025,FZEA,Inclusão e Pertencimento,8
2025,FZEA,Pesquisa,73
2025,Física Méd - IF e FM,Ensino,1
2025,Física Méd - IF e FM,Inclusão e Pertencimento,1
2025,HRAC,Pesquisa,1
2025,HU,Cultura e Extensão,2
2025,HU,Pesquisa,1
2025,IAG,Cultura e Extensão,32
2025,IAG,Ensino,12
2025,IAG,Inclusão e Pertencimento,3
2025,IAG,Pesquisa,33
2025,IAG e IG,Inclusão e Pertencimento,1
2025,IAG e IO,Cultura e Extensão,1
2025,IAG e IO,Pesquisa,3
2025,IAU,Cultura e Extensão,14
2025,IAU,Ensino,12
2025,IAU,Inclusão e Pertencimento,4
2025,IAU,Pesquisa,23
2025,IB,Cultura e Extensão,34
2025,IB,Ensino,13
2025,IB,Inclusão e Pertencimento,1
2025,IB,Pesquisa,36
2025,ICB,Cultura e Extensão,16
2025,ICB,Ensino,8
2025,ICB,Inclusão e Pertencimento,6
2025,ICB,Pesquisa,38
2025,ICMC,Cultura e Extensão,37
2025,ICMC,Ensino,16
2025,ICMC,Inclusão e Pertencimento,12
2025,ICMC,Pesquisa,62
2025,IEA,Cultura e Extensão,2
2025,IEA,Ensino,1
2025,IEA,Inclusão e Pertencimento,1
2025,IEA,Pesquisa,3
2025,IEB,Cultura e Extensão,7
2025,IEB,Inclusão e Pertencimento,5
2025,IEB,Pesquisa,8
2025,IEE,Cultura e Extensão,1
2025,IEE,Pesquisa,1
2025,IF,Cultura e Extensão,23
2025,IF,Ensino,19
2025,IF,Inclusão e Pertencimento,4
2025,IF,Pesquisa,48
2025,IFSC,Cultura e Extensão,16
2025,IFSC,Ensino,10
2025,IFSC,Inclusão e Pertencimento,8
2025,IFSC,Pesquisa,41
2025,IGc,Cultura e Extensão,16
2025,IGc,Ensino,6
2025,IGc,Inclusão e Pertencimento,1
2025,IGc,Pesquisa,28
2025,IME,Cultura e Extensão,9
2025,IME,Ensino,13
2025,IME,Inclusão e Pertencimento,2
2025,IME,Pesquisa,35
2025,INOVAUSP,Cultura e Extensão,2
2025,IO,Cultura e Extensão,18
2025,IO,Ensino,10
2025,IO,Inclusão e Pertencimento,3
2025,IO,Pesquisa,28
2025,IP,Cultura e Extensão,28
2025,IP,Ensino,6
2025,IP,Inclusão e Pertencimento,10
2025,IP,Pesquisa,36
2025,IQ,Cultura e Extensão,5
2025,IQ,Ensino,7
2025,IQ,Inclusão e Pertencimento,4
2025,IQ,Pesquisa,31
2025,IQSC,Cultura e Extensão,14
2025,IQSC,Ensino,11
2025,IQSC,Inclusão e Pertencimento,1
2025,IQSC,Pesquisa,24
2025,IRI,Cultura e Extensão,6
2025,IRI,Ensino,4
2025,IRI,Pesquisa,12
2025,M A E,Pesquisa,1
2025,MAC,Cultura e Extensão,7
2025,MAC,Inclusão e Pertencimento,2
2025,MAC,Pesquisa,4
2025,MAE,Cultura e Extensão,4
2025,MAE,Ensino,1
2025,MAE,Inclusão e Pertencimento,2
2025,MAE,Pesquisa,9
2025,MP,Cultura e Extensão,4
2025,MP,Ensino,1
2025,MP,Inclusão e Pertencimento,1
2025,MP,Pesquisa,3
2025,MZ,Cultura e Extensão,7
2025,MZ,Inclusão e Pertencimento,1
2025,MZ,Pesquisa,10
2025,OSUSP,Cultura e Extensão,5
2025,PRCEU,Cultura e Extensão,12
2025,PRIP,Inclusão e Pertencimento,6
2025,PUSP-SC,Cultura e Extensão,2
2025,PUSP-SC,Inclusão e Pertencimento,1
2025,Pró-G,Cultura e Extensão,1
2025,Pró-G,Ensino,2
2025,Pró-G,Inclusão e Pertencimento,1
2025,TUSP,Cultura e Extensão,8
